ID,Timestamp,EventType,SessionID,Payload,Content
cfdb97a8-98e9-4c2e-97d5-725471c9b8e0,2025-10-18T22:52:54+02:00,tool.invoked,,"{""tool"":""Bash"",""parameters"":{""command"":""./dw logs --limit 5"",""description"":""Check current logs""},""context"":""project/darwinflow-pub""}","Tool: Bash
Parameters: {""command"":""./dw logs --limit 5"",""description"":""Check current logs""}"
2a7a7156-61af-475d-b8a7-311ae21b07e0,2025-10-18T22:53:00+02:00,tool.invoked,,"{""tool"":""Bash"",""parameters"":{""command"":""./dw logs --query \""SELECT id, session_id, event_type FROM events LIMIT 5\"""",""description"":""Check if session_id is populated""},""context"":""project/darwinflow-pub""}","Tool: Bash
Parameters: {""command"":""./dw logs --query \""SELECT id, session_id, event_type FROM events LIMIT 5\"""",""description"":""Check if session_id is populated""}"
6a3f0911-c41a-42ed-b1e4-89882b6e899b,2025-10-18T22:53:05+02:00,tool.invoked,,"{""tool"":""Bash"",""parameters"":{""command"":""echo $CLAUDE_SESSION_ID"",""description"":""Check Claude session ID""},""context"":""project/darwinflow-pub""}","Tool: Bash
Parameters: {""command"":""echo $CLAUDE_SESSION_ID"",""description"":""Check Claude session ID""}"
65062af6-226b-462f-952d-f0e518320fcd,2025-10-18T22:53:21+02:00,tool.invoked,,"{""tool"":""Bash"",""parameters"":{""command"":""go install ./cmd/dw"",""description"":""Install new binary""},""context"":""project/darwinflow-pub""}","Tool: Bash
Parameters: {""command"":""go install ./cmd/dw"",""description"":""Install new binary""}"
2efef6f7-5e5f-4e0b-ae90-d64886dc5631,2025-10-18T22:53:29+02:00,tool.invoked,8518c46d-51fd-49ec-99ac-b41a613f33ac,"{""tool"":""Bash"",""parameters"":{""command"":""dw logs --limit 3"",""description"":""Check logs with new binary""},""context"":""project/darwinflow-pub""}","Tool: Bash
Parameters: {""command"":""dw logs --limit 3"",""description"":""Check logs with new binary""}"
11b24231-7419-4b23-b7e2-0a3ac6b6e38b,2025-10-18T22:53:47+02:00,tool.invoked,8518c46d-51fd-49ec-99ac-b41a613f33ac,"{""tool"":""Bash"",""parameters"":{""command"":""dw logs --session-id 8518c46d-51fd-49ec-99ac-b41a613f33ac --limit 10"",""description"":""Test session-id filtering""},""context"":""project/darwinflow-pub""}","Tool: Bash
Parameters: {""command"":""dw logs --session-id 8518c46d-51fd-49ec-99ac-b41a613f33ac --limit 10"",""description"":""Test session-id filtering""}"
f52b3a67-e145-415f-80b7-f629e581e8fc,2025-10-18T22:55:14+02:00,tool.invoked,8518c46d-51fd-49ec-99ac-b41a613f33ac,"{""tool"":""Bash"",""parameters"":{""command"":""dw logs --session-id 8518c46d-51fd-49ec-99ac-b41a613f33ac --ordered --limit 10"",""description"":""Test ordered flag""},""context"":""project/darwinflow-pub""}","Tool: Bash
Parameters: {""command"":""dw logs --session-id 8518c46d-51fd-49ec-99ac-b41a613f33ac --ordered --limit 10"",""description"":""Test ordered flag""}"
be4dfbfa-5d72-4247-9c8b-da0c7669f39e,2025-10-18T22:55:56+02:00,tool.invoked,8518c46d-51fd-49ec-99ac-b41a613f33ac,"{""tool"":""Bash"",""parameters"":{""command"":""dw logs --query \""SELECT name FROM sqlite_master WHERE type='index' AND tbl_name='events'\"""",""description"":""Check indexes""},""context"":""project/darwinflow-pub""}","Tool: Bash
Parameters: {""command"":""dw logs --query \""SELECT name FROM sqlite_master WHERE type='index' AND tbl_name='events'\"""",""description"":""Check indexes""}"
df043430-14fe-4b2b-b2d0-5da6a6d67deb,2025-10-18T22:56:16+02:00,tool.invoked,8518c46d-51fd-49ec-99ac-b41a613f33ac,"{""tool"":""TodoWrite"",""parameters"":{""todos"":[{""activeForm"":""Reading current implementation files"",""content"":""Read current implementation files to understand the structure"",""status"":""completed""},{""activeForm"":""Adding SessionID field to domain.Event struct"",""content"":""Add SessionID field to domain.Event struct"",""status"":""completed""},{""activeForm"":""Adding SessionID to EventQuery"",""content"":""Add SessionID to EventQuery for filtering"",""status"":""completed""},{""activeForm"":""Updating SQLite schema"",""content"":""Update SQLite schema to add session_id column"",""status"":""completed""},{""activeForm"":""Updating repository methods"",""content"":""Update repository Save and FindByQuery for session_id"",""status"":""completed""},{""activeForm"":""Updating logger service"",""content"":""Update logger service to capture session_id on all events"",""status"":""completed""},{""activeForm"":""Adding flags to logs command"",""content"":""Add --session-id and --ordered flags to dw logs command"",""status"":""completed""},{""activeForm"":""Updating ListRecentLogs method"",""content"":""Update ListRecentLogs to use sessionID and ordered params"",""status"":""completed""},{""activeForm"":""Building and testing"",""content"":""Build and test the new functionality"",""status"":""completed""}]},""context"":""project/darwinflow-pub""}","Tool: TodoWrite
Parameters: {""todos"":[{""activeForm"":""Reading current implementation files"",""content"":""Read current implementation files to understand the structure"",""status"":""completed""},{""activeForm"":""Adding SessionID field to domain.Event struct"",""content"":""Add SessionID field to domain.Event struct"",""status"":""completed""},{""activeForm"":""Adding SessionID to EventQuery"",""content"":""Add SessionID to EventQuery for filtering"",""status"":""completed""},{""activeForm"":""Updating SQLite schema"",""content"":""Update SQLite schema to add s..."
70ea949c-6940-433f-8858-9df2a37cab8e,2025-10-18T23:01:56+02:00,chat.message.user,12856466-3811-4087-bc01-ed5b535ee803,"{""context"":""project/darwinflow-pub""}",
d3280d20-4830-4a1c-b352-112ccd430624,2025-10-18T23:02:10+02:00,tool.invoked,12856466-3811-4087-bc01-ed5b535ee803,"{""tool"":""TodoWrite"",""parameters"":{""todos"":[{""activeForm"":""Adding CSV format flag to logs command"",""content"":""Add CSV format flag to logs command"",""status"":""in_progress""},{""activeForm"":""Implementing CSV formatting function in app layer"",""content"":""Implement CSV formatting function in app layer"",""status"":""pending""},{""activeForm"":""Updating logs command to use CSV formatter"",""content"":""Update logs command to use CSV formatter"",""status"":""pending""},{""activeForm"":""Testing CSV export functionality"",""content"":""Test CSV export functionality"",""status"":""pending""}]},""context"":""project/darwinflow-pub""}","Tool: TodoWrite
Parameters: {""todos"":[{""activeForm"":""Adding CSV format flag to logs command"",""content"":""Add CSV format flag to logs command"",""status"":""in_progress""},{""activeForm"":""Implementing CSV formatting function in app layer"",""content"":""Implement CSV formatting function in app layer"",""status"":""pending""},{""activeForm"":""Updating logs command to use CSV formatter"",""content"":""Update logs command to use CSV formatter"",""status"":""pending""},{""activeForm"":""Testing CSV export functionality"",""content"":""Test CSV export functional..."
f59a930e-3f02-474e-b71e-d5fe35b09030,2025-10-18T23:02:15+02:00,tool.invoked,12856466-3811-4087-bc01-ed5b535ee803,"{""tool"":""Read"",""parameters"":{""file_path"":""/Users/kgatilin/PersonalProjects/darwinflow-pub/cmd/dw/logs.go""},""context"":""project/darwinflow-pub""}","Tool: Read
Parameters: {""file_path"":""/Users/kgatilin/PersonalProjects/darwinflow-pub/cmd/dw/logs.go""}"
f17e2ccf-6e3d-47c6-963f-78ddee9613ec,2025-10-18T23:02:20+02:00,tool.invoked,12856466-3811-4087-bc01-ed5b535ee803,"{""tool"":""Read"",""parameters"":{""file_path"":""/Users/kgatilin/PersonalProjects/darwinflow-pub/internal/app/logs.go""},""context"":""project/darwinflow-pub""}","Tool: Read
Parameters: {""file_path"":""/Users/kgatilin/PersonalProjects/darwinflow-pub/internal/app/logs.go""}"
2cc9d79a-590b-4942-9b7a-aba5069bba98,2025-10-18T23:02:29+02:00,tool.invoked,12856466-3811-4087-bc01-ed5b535ee803,"{""tool"":""Edit"",""parameters"":{""file_path"":""/Users/kgatilin/PersonalProjects/darwinflow-pub/cmd/dw/logs.go"",""new_string"":""type logsOptions struct {\n\tlimit     int\n\tquery     string\n\tsessionID string\n\tordered   bool\n\tformat    string\n\thelp      bool\n}"",""old_string"":""type logsOptions struct {\n\tlimit     int\n\tquery     string\n\tsessionID string\n\tordered   bool\n\thelp      bool\n}""},""context"":""project/darwinflow-pub""}","Tool: Edit
Parameters: {""file_path"":""/Users/kgatilin/PersonalProjects/darwinflow-pub/cmd/dw/logs.go"",""new_string"":""type logsOptions struct {\n\tlimit     int\n\tquery     string\n\tsessionID string\n\tordered   bool\n\tformat    string\n\thelp      bool\n}"",""old_string"":""type logsOptions struct {\n\tlimit     int\n\tquery     string\n\tsessionID string\n\tordered   bool\n\thelp      bool\n}""}"
ed282bcf-48b6-4ccd-8482-0d07b5bb5809,2025-10-18T23:02:35+02:00,tool.invoked,12856466-3811-4087-bc01-ed5b535ee803,"{""tool"":""Edit"",""parameters"":{""file_path"":""/Users/kgatilin/PersonalProjects/darwinflow-pub/cmd/dw/logs.go"",""new_string"":""\tfs.IntVar(\u0026opts.limit, \""limit\"", 20, \""Number of most recent logs to display\"")\n\tfs.StringVar(\u0026opts.query, \""query\"", \""\"", \""Arbitrary SQL query to execute\"")\n\tfs.StringVar(\u0026opts.sessionID, \""session-id\"", \""\"", \""Filter logs by session ID\"")\n\tfs.BoolVar(\u0026opts.ordered, \""ordered\"", false, \""Order by timestamp ASC and session ID (chronological)\"")\n\tfs.StringVar(\u0026opts.format, \""format\"", \""text\"", \""Output format: text or csv\"")\n\tfs.BoolVar(\u0026opts.help, \""help\"", false, \""Show help and database schema\"")"",""old_string"":""\tfs.IntVar(\u0026opts.limit, \""limit\"", 20, \""Number of most recent logs to display\"")\n\tfs.StringVar(\u0026opts.query, \""query\"", \""\"", \""Arbitrary SQL query to execute\"")\n\tfs.StringVar(\u0026opts.sessionID, \""session-id\"", \""\"", \""Filter logs by session ID\"")\n\tfs.BoolVar(\u0026opts.ordered, \""ordered\"", false, \""Order by timestamp ASC and session ID (chronological)\"")\n\tfs.BoolVar(\u0026opts.help, \""help\"", false, \""Show help and database schema\"")""},""context"":""project/darwinflow-pub""}","Tool: Edit
Parameters: {""file_path"":""/Users/kgatilin/PersonalProjects/darwinflow-pub/cmd/dw/logs.go"",""new_string"":""\tfs.IntVar(\u0026opts.limit, \""limit\"", 20, \""Number of most recent logs to display\"")\n\tfs.StringVar(\u0026opts.query, \""query\"", \""\"", \""Arbitrary SQL query to execute\"")\n\tfs.StringVar(\u0026opts.sessionID, \""session-id\"", \""\"", \""Filter logs by session ID\"")\n\tfs.BoolVar(\u0026opts.ordered, \""ordered\"", false, \""Order by timestamp ASC and session ID (chronological)\"")\n\tfs.StringVar(\u0026opts.fo..."
924d71da-f059-4350-a1d7-9f4e2066fdb9,2025-10-18T23:02:46+02:00,tool.invoked,12856466-3811-4087-bc01-ed5b535ee803,"{""tool"":""Edit"",""parameters"":{""file_path"":""/Users/kgatilin/PersonalProjects/darwinflow-pub/cmd/dw/logs.go"",""new_string"":""func printLogsUsage() {\n\tfmt.Println(\""Usage: dw logs [flags]\"")\n\tfmt.Println()\n\tfmt.Println(\""Flags:\"")\n\tfmt.Println(\""  --limit N          Number of most recent logs to display (default: 20)\"")\n\tfmt.Println(\""  --session-id ID    Filter logs by session ID\"")\n\tfmt.Println(\""  --ordered          Order by timestamp ASC and session ID (chronological)\"")\n\tfmt.Println(\""  --format FORMAT    Output format: text or csv (default: text)\"")\n\tfmt.Println(\""  --query SQL        Execute an arbitrary SQL query\"")\n\tfmt.Println(\""  --help             Show help and database schema\"")\n\tfmt.Println()\n\tfmt.Println(\""Examples:\"")\n\tfmt.Println(\""  dw logs                                          # Show 20 most recent logs\"")\n\tfmt.Println(\""  dw logs --limit 50                               # Show 50 most recent logs\"")\n\tfmt.Println(\""  dw logs --session-id abc123                      # Show logs for session abc123\"")\n\tfmt.Println(\""  dw logs --session-id abc123 --ordered            # Show session abc123 in chronological order\"")\n\tfmt.Println(\""  dw logs --format csv --limit 100                 # Export 100 logs as CSV\"")\n\tfmt.Println(\""  dw logs --query \\\""SELECT * FROM events\\\""           # Run custom SQL query\"")\n\tfmt.Println()\n}"",""old_string"":""func printLogsUsage() {\n\tfmt.Println(\""Usage: dw logs [flags]\"")\n\tfmt.Println()\n\tfmt.Println(\""Flags:\"")\n\tfmt.Println(\""  --limit N          Number of most recent logs to display (default: 20)\"")\n\tfmt.Println(\""  --session-id ID    Filter logs by session ID\"")\n\tfmt.Println(\""  --ordered          Order by timestamp ASC and session ID (chronological)\"")\n\tfmt.Println(\""  --query SQL        Execute an arbitrary SQL query\"")\n\tfmt.Println(\""  --help             Show help and database schema\"")\n\tfmt.Println()\n\tfmt.Println(\""Examples:\"")\n\tfmt.Println(\""  dw logs                                          # Show 20 most recent logs\"")\n\tfmt.Println(\""  dw logs --limit 50                               # Show 50 most recent logs\"")\n\tfmt.Println(\""  dw logs --session-id abc123                      # Show logs for session abc123\"")\n\tfmt.Println(\""  dw logs --session-id abc123 --ordered            # Show session abc123 in chronological order\"")\n\tfmt.Println(\""  dw logs --query \\\""SELECT * FROM events\\\""           # Run custom SQL query\"")\n\tfmt.Println()\n}""},""context"":""project/darwinflow-pub""}","Tool: Edit
Parameters: {""file_path"":""/Users/kgatilin/PersonalProjects/darwinflow-pub/cmd/dw/logs.go"",""new_string"":""func printLogsUsage() {\n\tfmt.Println(\""Usage: dw logs [flags]\"")\n\tfmt.Println()\n\tfmt.Println(\""Flags:\"")\n\tfmt.Println(\""  --limit N          Number of most recent logs to display (default: 20)\"")\n\tfmt.Println(\""  --session-id ID    Filter logs by session ID\"")\n\tfmt.Println(\""  --ordered          Order by timestamp ASC and session ID (chronological)\"")\n\tfmt.Println(\""  --format FORMAT    Outp..."
b58e8c81-6a6a-43df-ace3-c985cc596fb8,2025-10-18T23:02:52+02:00,tool.invoked,12856466-3811-4087-bc01-ed5b535ee803,"{""tool"":""TodoWrite"",""parameters"":{""todos"":[{""activeForm"":""Adding CSV format flag to logs command"",""content"":""Add CSV format flag to logs command"",""status"":""completed""},{""activeForm"":""Implementing CSV formatting function in app layer"",""content"":""Implement CSV formatting function in app layer"",""status"":""in_progress""},{""activeForm"":""Updating logs command to use CSV formatter"",""content"":""Update logs command to use CSV formatter"",""status"":""pending""},{""activeForm"":""Testing CSV export functionality"",""content"":""Test CSV export functionality"",""status"":""pending""}]},""context"":""project/darwinflow-pub""}","Tool: TodoWrite
Parameters: {""todos"":[{""activeForm"":""Adding CSV format flag to logs command"",""content"":""Add CSV format flag to logs command"",""status"":""completed""},{""activeForm"":""Implementing CSV formatting function in app layer"",""content"":""Implement CSV formatting function in app layer"",""status"":""in_progress""},{""activeForm"":""Updating logs command to use CSV formatter"",""content"":""Update logs command to use CSV formatter"",""status"":""pending""},{""activeForm"":""Testing CSV export functionality"",""content"":""Test CSV export function..."
96c2a3c1-6d35-414f-8ccb-6389f823d557,2025-10-18T23:02:59+02:00,tool.invoked,12856466-3811-4087-bc01-ed5b535ee803,"{""tool"":""Edit"",""parameters"":{""file_path"":""/Users/kgatilin/PersonalProjects/darwinflow-pub/internal/app/logs.go"",""new_string"":""import (\n\t\""context\""\n\t\""encoding/csv\""\n\t\""encoding/json\""\n\t\""fmt\""\n\t\""io\""\n\t\""time\""\n\n\t\""github.com/kgatilin/darwinflow-pub/internal/domain\""\n)"",""old_string"":""import (\n\t\""context\""\n\t\""encoding/json\""\n\t\""fmt\""\n\t\""time\""\n\n\t\""github.com/kgatilin/darwinflow-pub/internal/domain\""\n)""},""context"":""project/darwinflow-pub""}","Tool: Edit
Parameters: {""file_path"":""/Users/kgatilin/PersonalProjects/darwinflow-pub/internal/app/logs.go"",""new_string"":""import (\n\t\""context\""\n\t\""encoding/csv\""\n\t\""encoding/json\""\n\t\""fmt\""\n\t\""io\""\n\t\""time\""\n\n\t\""github.com/kgatilin/darwinflow-pub/internal/domain\""\n)"",""old_string"":""import (\n\t\""context\""\n\t\""encoding/json\""\n\t\""fmt\""\n\t\""time\""\n\n\t\""github.com/kgatilin/darwinflow-pub/internal/domain\""\n)""}"
5c196bff-b28b-43cc-b8d3-3aba8a393f54,2025-10-18T23:03:13+02:00,tool.invoked,12856466-3811-4087-bc01-ed5b535ee803,"{""tool"":""Edit"",""parameters"":{""file_path"":""/Users/kgatilin/PersonalProjects/darwinflow-pub/internal/app/logs.go"",""new_string"":""// FormatQueryValue formats a value from a raw query result for display\nfunc FormatQueryValue(val interface{}) string {\n\tswitch v := val.(type) {\n\tcase nil:\n\t\treturn \""NULL\""\n\tcase []byte:\n\t\t// Try to parse as JSON for pretty printing\n\t\tvar jsonObj interface{}\n\t\tif err := json.Unmarshal(v, \u0026jsonObj); err == nil {\n\t\t\tjsonBytes, _ := json.Marshal(jsonObj)\n\t\t\tstr := string(jsonBytes)\n\t\t\tif len(str) \u003e 100 {\n\t\t\t\tstr = str[:100] + \""...\""\n\t\t\t}\n\t\t\treturn str\n\t\t}\n\t\tstr := string(v)\n\t\tif len(str) \u003e 100 {\n\t\t\tstr = str[:100] + \""...\""\n\t\t}\n\t\treturn str\n\tcase string:\n\t\tif len(v) \u003e 100 {\n\t\t\treturn v[:100] + \""...\""\n\t\t}\n\t\treturn v\n\tcase int64:\n\t\t// Check if it might be a timestamp (13 digits for milliseconds)\n\t\tif v \u003e 1000000000000 \u0026\u0026 v \u003c 9999999999999 {\n\t\t\tt := time.UnixMilli(v)\n\t\t\treturn fmt.Sprintf(\""%d (%s)\"", v, t.Format(\""2006-01-02 15:04:05\""))\n\t\t}\n\t\treturn fmt.Sprintf(\""%d\"", v)\n\tdefault:\n\t\treturn fmt.Sprintf(\""%v\"", v)\n\t}\n}\n\n// FormatLogsAsCSV writes log records as CSV to the provided writer\nfunc FormatLogsAsCSV(w io.Writer, records []*LogRecord) error {\n\tcsvWriter := csv.NewWriter(w)\n\tdefer csvWriter.Flush()\n\n\t// Write header\n\theader := []string{\""ID\"", \""Timestamp\"", \""EventType\"", \""SessionID\"", \""Payload\"", \""Content\""}\n\tif err := csvWriter.Write(header); err != nil {\n\t\treturn fmt.Errorf(\""failed to write CSV header: %w\"", err)\n\t}\n\n\t// Write records\n\tfor _, record := range records {\n\t\trow := []string{\n\t\t\trecord.ID,\n\t\t\trecord.Timestamp.Format(time.RFC3339),\n\t\t\trecord.EventType,\n\t\t\trecord.SessionID,\n\t\t\tstring(record.Payload),\n\t\t\trecord.Content,\n\t\t}\n\t\tif err := csvWriter.Write(row); err != nil {\n\t\t\treturn fmt.Errorf(\""failed to write CSV row: %w\"", err)\n\t\t}\n\t}\n\n\treturn nil\n}"",""old_string"":""// FormatQueryValue formats a value from a raw query result for display\nfunc FormatQueryValue(val interface{}) string {\n\tswitch v := val.(type) {\n\tcase nil:\n\t\treturn \""NULL\""\n\tcase []byte:\n\t\t// Try to parse as JSON for pretty printing\n\t\tvar jsonObj interface{}\n\t\tif err := json.Unmarshal(v, \u0026jsonObj); err == nil {\n\t\t\tjsonBytes, _ := json.Marshal(jsonObj)\n\t\t\tstr := string(jsonBytes)\n\t\t\tif len(str) \u003e 100 {\n\t\t\t\tstr = str[:100] + \""...\""\n\t\t\t}\n\t\t\treturn str\n\t\t}\n\t\tstr := string(v)\n\t\tif len(str) \u003e 100 {\n\t\t\tstr = str[:100] + \""...\""\n\t\t}\n\t\treturn str\n\tcase string:\n\t\tif len(v) \u003e 100 {\n\t\t\treturn v[:100] + \""...\""\n\t\t}\n\t\treturn v\n\tcase int64:\n\t\t// Check if it might be a timestamp (13 digits for milliseconds)\n\t\tif v \u003e 1000000000000 \u0026\u0026 v \u003c 9999999999999 {\n\t\t\tt := time.UnixMilli(v)\n\t\t\treturn fmt.Sprintf(\""%d (%s)\"", v, t.Format(\""2006-01-02 15:04:05\""))\n\t\t}\n\t\treturn fmt.Sprintf(\""%d\"", v)\n\tdefault:\n\t\treturn fmt.Sprintf(\""%v\"", v)\n\t}\n}""},""context"":""project/darwinflow-pub""}","Tool: Edit
Parameters: {""file_path"":""/Users/kgatilin/PersonalProjects/darwinflow-pub/internal/app/logs.go"",""new_string"":""// FormatQueryValue formats a value from a raw query result for display\nfunc FormatQueryValue(val interface{}) string {\n\tswitch v := val.(type) {\n\tcase nil:\n\t\treturn \""NULL\""\n\tcase []byte:\n\t\t// Try to parse as JSON for pretty printing\n\t\tvar jsonObj interface{}\n\t\tif err := json.Unmarshal(v, \u0026jsonObj); err == nil {\n\t\t\tjsonBytes, _ := json.Marshal(jsonObj)\n\t\t\tstr := stri..."
fb8705ff-e1b6-4992-89ae-68bd3f4c1c01,2025-10-18T23:03:19+02:00,tool.invoked,12856466-3811-4087-bc01-ed5b535ee803,"{""tool"":""TodoWrite"",""parameters"":{""todos"":[{""activeForm"":""Adding CSV format flag to logs command"",""content"":""Add CSV format flag to logs command"",""status"":""completed""},{""activeForm"":""Implementing CSV formatting function in app layer"",""content"":""Implement CSV formatting function in app layer"",""status"":""completed""},{""activeForm"":""Updating logs command to use CSV formatter"",""content"":""Update logs command to use CSV formatter"",""status"":""in_progress""},{""activeForm"":""Testing CSV export functionality"",""content"":""Test CSV export functionality"",""status"":""pending""}]},""context"":""project/darwinflow-pub""}","Tool: TodoWrite
Parameters: {""todos"":[{""activeForm"":""Adding CSV format flag to logs command"",""content"":""Add CSV format flag to logs command"",""status"":""completed""},{""activeForm"":""Implementing CSV formatting function in app layer"",""content"":""Implement CSV formatting function in app layer"",""status"":""completed""},{""activeForm"":""Updating logs command to use CSV formatter"",""content"":""Update logs command to use CSV formatter"",""status"":""in_progress""},{""activeForm"":""Testing CSV export functionality"",""content"":""Test CSV export functi..."
